{
  "platillos": [
    {
      "id": 1,
      "nombre": "Pizza a la Leña Chica",
      "precio": 30,
      "categoria": 1
    },
    {
      "id": 2,
      "nombre": "Pizza a la Leña Mediana",
      "precio": 50,
      "categoria": 1
    },
    {
      "id": 3,
      "nombre": "Rebanada de Pay de Limón",
      "precio": 30,
      "categoria": 3
    },
    {
      "id": 4,
      "nombre": "Rebanada de Pastel de Chocolate",
      "precio": 30,
      "categoria": 3
    },
    {
      "id": 5,
      "nombre": "Jugo de Naranja",
      "precio": 15,
      "categoria": 2
    },
    {
      "id": 6,
      "nombre": "Pizza a la Leña Grande",
      "precio": 70,
      "categoria": 1
    },
    {
      "id": 7,
      "nombre": "Rib Eye 800g",
      "precio": 100,
      "categoria": 1
    },
    {
      "id": 8,
      "nombre": "Jugo de Naranja",
      "precio": 15,
      "categoria": 2
    },
    {
      "id": 9,
      "nombre": "Tequila",
      "precio": 40,
      "categoria": 2
    },
    {
      "id": 10,
      "nombre": "Rebanada de Pay de Queso",
      "precio": 30,
      "categoria": 3
    },
    {
      "id": 11,
      "nombre": "Café Americano",
      "precio": 20,
      "categoria": 2
    },
    {
      "id": 12,
      "nombre": "Café Capuchino",
      "precio": 40,
      "categoria": 2
    }
  ]
}